{
  "A": {
    "cols": 3,
    "data": [
      0.0,
      0.0,
      0.0,
      1.0,
      0.0,
      1.0,
      1.0,
      0.0,
      0.0
    ],
    "rows": 3
  },
  "AAt": {
    "cols": 3,
    "data": [
      2.0,
      0.0,
      1.0,
      0.0,
      0.0,
      0.0,
      1.0,
      0.0,
      1.0
    ],
    "rows": 3
  },
  "At": {
    "cols": 3,
    "data": [
      0.0,
      1.0,
      1.0,
      0.0,
      0.0,
      0.0,
      0.0,
      1.0,
      0.0
    ],
    "rows": 3
  },
  "AtA": {
    "cols": 3,
    "data": [
      0.0,
      0.0,
      0.0,
      0.0,
      2.0,
      1.0,
      0.0,
      1.0,
      1.0
    ],
    "rows": 3
  },
  "auth": {
    "cols": 1,
    "data": [
      0.0,
      1.0,
      0.6179775280898876
    ],
    "rows": 3
  },
  "external_id": [
    [
      0,
      1
    ],
    [
      1,
      2
    ],
    [
      2,
      3
    ]
  ],
  "hubs": {
    "cols": 1,
    "data": [
      1.0,
      0.0,
      0.6181818181818182
    ],
    "rows": 3
  },
  "internal_id": [
    [
      1,
      0
    ],
    [
      2,
      1
    ],
    [
      3,
      2
    ]
  ],
  "steps": [
    {
      "distance": 1.1111111111111112,
      "hubs": {
        "cols": 1,
        "data": [
          1.0,
          1.0,
          1.0
        ],
        "rows": 3
      },
      "step": 0
    },
    {
      "distance": 0.001736111111111108,
      "hubs": {
        "cols": 1,
        "data": [
          1.0,
          0.0,
          0.6666666666666666
        ],
        "rows": 3
      },
      "step": 1
    },
    {
      "distance": 3.5430839002267324e-05,
      "hubs": {
        "cols": 1,
        "data": [
          1.0,
          0.0,
          0.625
        ],
        "rows": 3
      },
      "step": 2
    },
    {
      "distance": 7.496111392215934e-07,
      "hubs": {
        "cols": 1,
        "data": [
          1.0,
          0.0,
          0.6190476190476191
        ],
        "rows": 3
      },
      "step": 3
    }
  ]
}
