{
  "A": {
    "cols": 3,
    "data": [
      0.0,
      0.0,
      0.0,
      1.0,
      0.0,
      1.0,
      1.0,
      0.0,
      0.0
    ],
    "rows": 3
  },
  "A12": {
    "cols": 3,
    "data": [
      0.0,
      0.3333333333333333,
      0.0,
      0.5,
      0.3333333333333333,
      1.0,
      0.5,
      0.3333333333333333,
      0.0
    ],
    "rows": 3
  },
  "A3": {
    "cols": 3,
    "data": [
      0.0,
      0.08333333333333333,
      0.0,
      0.125,
      0.08333333333333333,
      0.25,
      0.125,
      0.08333333333333333,
      0.0
    ],
    "rows": 3
  },
  "T": {
    "cols": 3,
    "data": [
      0.25,
      0.3333333333333333,
      0.25,
      0.375,
      0.3333333333333333,
      0.5,
      0.375,
      0.3333333333333333,
      0.25
    ],
    "rows": 3
  },
  "external_id": [
    [
      0,
      1
    ],
    [
      1,
      2
    ],
    [
      2,
      3
    ]
  ],
  "internal_id": [
    [
      1,
      0
    ],
    [
      2,
      1
    ],
    [
      3,
      2
    ]
  ],
  "pagerank": {
    "cols": 3,
    "data": [
      0.283179012345679,
      0.39819637345679004,
      0.3186246141975308
    ],
    "rows": 1
  },
  "steps": [
    {
      "distance": 0.00810185185185186,
      "pagerank": {
        "cols": 3,
        "data": [
          0.3333333333333333,
          0.3333333333333333,
          0.3333333333333333
        ],
        "rows": 1
      },
      "step": 0
    },
    {
      "distance": 5.6262860082304765e-05,
      "pagerank": {
        "cols": 3,
        "data": [
          0.27777777777777773,
          0.4027777777777778,
          0.3194444444444444
        ],
        "rows": 1
      },
      "step": 1
    },
    {
      "distance": 2.651275648719376e-07,
      "pagerank": {
        "cols": 3,
        "data": [
          0.28356481481481477,
          0.39814814814814814,
          0.318287037037037
        ],
        "rows": 1
      },
      "step": 2
    }
  ]
}